{"stats":{"minecraft:used":{"minecraft:dark_oak_stairs":59,"minecraft:blue_terracotta":29,"minecraft:polished_granite_stairs":4,"minecraft:bone_block":15,"minecraft:pink_banner":5,"minecraft:light_blue_terracotta":1,"minecraft:lime_concrete_powder":30,"minecraft:white_concrete_powder":32,"minecraft:axolotl_spawn_egg":3,"minecraft:spruce_planks":30,"minecraft:purple_glazed_terracotta":1,"minecraft:white_terracotta":821,"minecraft:cherry_planks":20,"minecraft:structure_void":9,"minecraft:redstone_block":34,"minecraft:white_shulker_box":11,"minecraft:magenta_stained_glass":15,"minecraft:quartz_stairs":106,"minecraft:red_glazed_terracotta":2,"minecraft:pink_concrete":489,"minecraft:white_wool":283,"minecraft:debug_stick":221,"minecraft:green_terracotta":38,"minecraft:oak_leaves":129,"minecraft:smooth_quartz_stairs":109,"minecraft:bee_spawn_egg":6,"minecraft:torch":9,"minecraft:dark_oak_trapdoor":1,"minecraft:lime_terracotta":63,"minecraft:sand":30,"minecraft:terracotta":8,"minecraft:light_blue_concrete":1,"minecraft:spruce_stairs":14,"minecraft:light_gray_terracotta":105,"minecraft:pink_terracotta":107,"minecraft:light_gray_concrete_powder":199,"minecraft:purple_terracotta":36,"minecraft:stripped_cherry_wood":141,"minecraft:cyan_wool":8,"minecraft:mud_brick_stairs":6,"minecraft:mushroom_stem":16,"minecraft:purple_concrete_powder":18,"minecraft:polished_diorite":14,"minecraft:purple_stained_glass":44,"minecraft:gray_terracotta":2,"minecraft:brown_terracotta":75,"minecraft:dark_oak_planks":59,"minecraft:blue_glazed_terracotta":1,"minecraft:green_concrete":4,"minecraft:sea_lantern":108,"minecraft:cyan_terracotta":102,"minecraft:mace":5,"minecraft:light_gray_concrete":302,"minecraft:quartz_slab":68,"minecraft:grass_block":328,"minecraft:barrier":122,"minecraft:green_wool":89,"minecraft:verdant_froglight":6,"minecraft:quartz_block":241,"minecraft:magenta_concrete":20,"minecraft:white_glazed_terracotta":3,"minecraft:cyan_concrete":175,"minecraft:polished_granite":11,"minecraft:magenta_concrete_powder":38,"minecraft:spruce_trapdoor":12,"minecraft:smooth_quartz":169,"minecraft:mud_bricks":11,"minecraft:pink_wool":40,"minecraft:purple_concrete":290,"minecraft:light_blue_concrete_powder":1,"minecraft:redstone_lamp":37,"minecraft:lime_concrete":229,"minecraft:cherry_stairs":11,"minecraft:magenta_terracotta":42,"minecraft:red_concrete_powder":10,"minecraft:green_concrete_powder":11,"minecraft:pink_stained_glass":71,"minecraft:gold_block":173,"minecraft:cyan_concrete_powder":124,"minecraft:stripped_cherry_log":19,"minecraft:pink_concrete_powder":135,"minecraft:white_concrete":352,"minecraft:pearlescent_froglight":214,"minecraft:acacia_planks":17,"minecraft:cherry_log":2,"minecraft:brown_mushroom_block":12,"minecraft:smooth_stone":35,"minecraft:purple_wool":2,"minecraft:cobweb":13},"minecraft:picked_up":{"minecraft:wooden_axe":3,"minecraft:light_blue_concrete":1,"minecraft:cyan_concrete_powder":3,"minecraft:string":2,"minecraft:cyan_wool":1,"minecraft:cyan_concrete":1,"minecraft:purple_concrete":1,"minecraft:debug_stick":1,"minecraft:light_blue_concrete_powder":1,"minecraft:light_gray_concrete":1,"minecraft:light_blue_terracotta":1,"minecraft:blue_glazed_terracotta":1,"minecraft:cyan_terracotta":1},"minecraft:killed":{"minecraft:spider":2},"minecraft:custom":{"minecraft:mob_kills":3,"minecraft:open_shulker_box":1,"minecraft:leave_game":6,"minecraft:time_since_death":849359,"minecraft:time_since_rest":849359,"minecraft:sprint_one_cm":58107,"minecraft:walk_one_cm":238319,"minecraft:drop":15,"minecraft:damage_dealt":430,"minecraft:swim_one_cm":1940,"minecraft:fly_one_cm":2520888,"minecraft:crouch_one_cm":11906,"minecraft:play_time":849359,"minecraft:walk_under_water_one_cm":773,"minecraft:sneak_time":10752,"minecraft:jump":622,"minecraft:walk_on_water_one_cm":309,"minecraft:total_world_time":950401},"minecraft:dropped":{"minecraft:purple_concrete":1,"minecraft:light_gray_concrete":1,"minecraft:light_blue_concrete_powder":1,"minecraft:debug_stick":1,"minecraft:light_blue_concrete":1,"minecraft:cyan_terracotta":1,"minecraft:cyan_wool":1,"minecraft:wooden_axe":3,"minecraft:quartz_block":1,"minecraft:blue_glazed_terracotta":1,"minecraft:cyan_concrete":1,"minecraft:light_blue_terracotta":1,"minecraft:cyan_concrete_powder":2}},"DataVersion":3955}